{"side":{"0":3,"1":3,"2":3,"3":3,"4":3,"5":3,"6":3,"7":3,"8":3,"9":3,"10":3,"11":3,"12":3,"13":3,"14":3,"15":3,"16":3,"17":3,"18":3,"19":3,"20":3,"21":3,"22":3,"23":3,"24":3,"25":3,"26":3,"27":3,"28":3,"29":3,"30":3,"31":3,"32":3,"33":3,"34":3,"35":3,"36":3,"37":3,"38":3,"39":3,"40":3,"41":3,"42":3,"43":3,"44":3,"45":3,"46":3,"47":3,"48":3,"49":3},"day":{"0":400,"1":401,"2":402,"3":403,"4":404,"5":405,"6":406,"7":407,"8":408,"9":409,"10":410,"11":411,"12":412,"13":413,"14":414,"15":415,"16":416,"17":417,"18":418,"19":419,"20":420,"21":421,"22":422,"23":423,"24":424,"25":425,"26":426,"27":427,"28":428,"29":429,"30":430,"31":431,"32":432,"33":433,"34":434,"35":435,"36":436,"37":437,"38":438,"39":439,"40":440,"41":441,"42":442,"43":443,"44":444,"45":445,"46":446,"47":447,"48":448,"49":449},"build_time":{"0":0.1123077869,"1":0.115301609,"2":0.0858700275,"3":0.1327240467,"4":0.1284580231,"5":0.1168949604,"6":0.1144554615,"7":0.1222929955,"8":0.1017625332,"9":0.1293051243,"10":0.1178252697,"11":0.1145677567,"12":0.1162669659,"13":0.1174409389,"14":0.1067125797,"15":0.1198177338,"16":0.1179437637,"17":0.1031985283,"18":0.113915205,"19":0.103148222,"20":0.1095538139,"21":0.1370017529,"22":0.0982224941,"23":0.100894928,"24":0.1046411991,"25":0.0986437798,"26":0.1198270321,"27":0.12464571,"28":0.1096096039,"29":0.1164710522,"30":0.1024873257,"31":0.1331856251,"32":0.1066756248,"33":0.1093378067,"34":0.1069743633,"35":0.1266222,"36":0.1153721809,"37":0.1011507511,"38":0.1111750603,"39":0.1255207062,"40":0.1132059097,"41":0.1045033932,"42":0.1020636559,"43":0.1265997887,"44":0.0975265503,"45":0.1034927368,"46":0.1177647114,"47":0.1266977787,"48":0.12586689,"49":0.135923624},"solve_time":{"0":0.0086963177,"1":0.0080571175,"2":0.0073339939,"3":0.0073854923,"4":0.0079107285,"5":0.0073947906,"6":0.0072438717,"7":0.0084969997,"8":0.0067555904,"9":0.0067088604,"10":0.0070335865,"11":0.0083384514,"12":0.00735569,"13":0.0073032379,"14":0.008010149,"15":0.0066161156,"16":0.006439209,"17":0.0072307587,"18":0.0083863735,"19":0.0081732273,"20":0.008007288,"21":0.0078439713,"22":0.007547617,"23":0.0070369244,"24":0.0071809292,"25":0.006519556,"26":0.0083148479,"27":0.0082752705,"28":0.0081720352,"29":0.007525444,"30":0.0072491169,"31":0.0073304176,"32":0.0076546669,"33":0.0071005821,"34":0.0072238445,"35":0.0080406666,"36":0.0068409443,"37":0.0080444813,"38":0.0084700584,"39":0.007168293,"40":0.008617878,"41":0.0074100494,"42":0.007928133,"43":0.0079848766,"44":0.0072140694,"45":0.006310463,"46":0.0067617893,"47":0.0083158016,"48":0.008515358,"49":0.0076022148},"strategy":{"0":"enum_func","1":"enum_func","2":"enum_func","3":"enum_func","4":"enum_func","5":"enum_func","6":"enum_func","7":"enum_func","8":"enum_func","9":"enum_func","10":"enum_func","11":"enum_func","12":"enum_func","13":"enum_func","14":"enum_func","15":"enum_func","16":"enum_func","17":"enum_func","18":"enum_func","19":"enum_func","20":"enum_func","21":"enum_func","22":"enum_func","23":"enum_func","24":"enum_func","25":"enum_func","26":"enum_func","27":"enum_func","28":"enum_func","29":"enum_func","30":"enum_func","31":"enum_func","32":"enum_func","33":"enum_func","34":"enum_func","35":"enum_func","36":"enum_func","37":"enum_func","38":"enum_func","39":"enum_func","40":"enum_func","41":"enum_func","42":"enum_func","43":"enum_func","44":"enum_func","45":"enum_func","46":"enum_func","47":"enum_func","48":"enum_func","49":"enum_func"},"z3_stats.solve-eqs-steps":{"0":501,"1":510,"2":644,"3":455,"4":447,"5":415,"6":443,"7":568,"8":513,"9":323,"10":389,"11":523,"12":391,"13":419,"14":570,"15":433,"16":414,"17":555,"18":603,"19":677,"20":441,"21":429,"22":439,"23":566,"24":478,"25":418,"26":373,"27":504,"28":502,"29":477,"30":482,"31":370,"32":479,"33":442,"34":436,"35":416,"36":409,"37":512,"38":623,"39":370,"40":479,"41":487,"42":400,"43":345,"44":594,"45":456,"46":495,"47":475,"48":513,"49":414},"z3_stats.solve-eqs-elim-vars":{"0":88,"1":89,"2":90,"3":91,"4":89,"5":90,"6":90,"7":90,"8":91,"9":91,"10":90,"11":88,"12":90,"13":89,"14":89,"15":91,"16":91,"17":91,"18":90,"19":88,"20":88,"21":90,"22":89,"23":91,"24":90,"25":90,"26":89,"27":90,"28":89,"29":91,"30":90,"31":90,"32":90,"33":90,"34":89,"35":90,"36":91,"37":89,"38":90,"39":91,"40":88,"41":90,"42":89,"43":90,"44":90,"45":91,"46":91,"47":89,"48":88,"49":90},"z3_stats.conflicts":{"0":54.0,"1":2.0,"2":25.0,"3":null,"4":50.0,"5":25.0,"6":1.0,"7":25.0,"8":null,"9":null,"10":25.0,"11":75.0,"12":25.0,"13":31.0,"14":29.0,"15":null,"16":null,"17":null,"18":2.0,"19":26.0,"20":56.0,"21":25.0,"22":39.0,"23":null,"24":1.0,"25":1.0,"26":50.0,"27":25.0,"28":39.0,"29":null,"30":1.0,"31":25.0,"32":25.0,"33":1.0,"34":28.0,"35":25.0,"36":null,"37":29.0,"38":25.0,"39":null,"40":59.0,"41":25.0,"42":39.0,"43":25.0,"44":1.0,"45":null,"46":null,"47":50.0,"48":75.0,"49":25.0},"z3_stats.decisions":{"0":78.0,"1":4.0,"2":25.0,"3":null,"4":50.0,"5":25.0,"6":4.0,"7":25.0,"8":null,"9":null,"10":25.0,"11":75.0,"12":25.0,"13":91.0,"14":142.0,"15":null,"16":null,"17":null,"18":5.0,"19":26.0,"20":159.0,"21":25.0,"22":138.0,"23":null,"24":2.0,"25":4.0,"26":50.0,"27":25.0,"28":100.0,"29":null,"30":3.0,"31":25.0,"32":25.0,"33":3.0,"34":80.0,"35":25.0,"36":null,"37":92.0,"38":25.0,"39":null,"40":166.0,"41":25.0,"42":137.0,"43":25.0,"44":2.0,"45":null,"46":null,"47":50.0,"48":75.0,"49":25.0},"z3_stats.final checks":{"0":1.0,"1":1.0,"2":1.0,"3":null,"4":1.0,"5":1.0,"6":1.0,"7":1.0,"8":null,"9":null,"10":1.0,"11":1.0,"12":1.0,"13":1.0,"14":1.0,"15":null,"16":null,"17":null,"18":1.0,"19":1.0,"20":1.0,"21":1.0,"22":1.0,"23":null,"24":1.0,"25":1.0,"26":1.0,"27":1.0,"28":1.0,"29":null,"30":1.0,"31":1.0,"32":1.0,"33":1.0,"34":1.0,"35":1.0,"36":null,"37":1.0,"38":1.0,"39":null,"40":1.0,"41":1.0,"42":1.0,"43":1.0,"44":1.0,"45":null,"46":null,"47":1.0,"48":1.0,"49":1.0},"z3_stats.added eqs":{"0":239.0,"1":11.0,"2":77.0,"3":null,"4":179.0,"5":77.0,"6":4.0,"7":77.0,"8":null,"9":null,"10":77.0,"11":281.0,"12":77.0,"13":213.0,"14":169.0,"15":null,"16":null,"17":null,"18":4.0,"19":81.0,"20":358.0,"21":77.0,"22":277.0,"23":null,"24":4.0,"25":4.0,"26":179.0,"27":77.0,"28":292.0,"29":null,"30":4.0,"31":77.0,"32":77.0,"33":4.0,"34":87.0,"35":77.0,"36":null,"37":149.0,"38":77.0,"39":null,"40":426.0,"41":77.0,"42":277.0,"43":77.0,"44":4.0,"45":null,"46":null,"47":179.0,"48":281.0,"49":77.0},"z3_stats.num checks":{"0":1.0,"1":1.0,"2":1.0,"3":null,"4":1.0,"5":1.0,"6":1.0,"7":1.0,"8":null,"9":null,"10":1.0,"11":1.0,"12":1.0,"13":1.0,"14":1.0,"15":null,"16":null,"17":null,"18":1.0,"19":1.0,"20":1.0,"21":1.0,"22":1.0,"23":null,"24":1.0,"25":1.0,"26":1.0,"27":1.0,"28":1.0,"29":null,"30":1.0,"31":1.0,"32":1.0,"33":1.0,"34":1.0,"35":1.0,"36":null,"37":1.0,"38":1.0,"39":null,"40":1.0,"41":1.0,"42":1.0,"43":1.0,"44":1.0,"45":null,"46":null,"47":1.0,"48":1.0,"49":1.0},"z3_stats.mk bool var":{"0":130.0,"1":54.0,"2":51.0,"3":null,"4":102.0,"5":51.0,"6":29.0,"7":51.0,"8":null,"9":null,"10":51.0,"11":153.0,"12":51.0,"13":106.0,"14":103.0,"15":null,"16":null,"17":null,"18":25.0,"19":53.0,"20":179.0,"21":51.0,"22":110.0,"23":null,"24":26.0,"25":26.0,"26":102.0,"27":51.0,"28":113.0,"29":null,"30":27.0,"31":51.0,"32":51.0,"33":26.0,"34":78.0,"35":51.0,"36":null,"37":107.0,"38":51.0,"39":null,"40":179.0,"41":51.0,"42":113.0,"43":51.0,"44":27.0,"45":null,"46":null,"47":102.0,"48":153.0,"49":51.0},"z3_stats.arith-make-feasible":{"0":2.0,"1":2.0,"2":2.0,"3":null,"4":2.0,"5":2.0,"6":2.0,"7":2.0,"8":null,"9":null,"10":2.0,"11":2.0,"12":2.0,"13":2.0,"14":2.0,"15":null,"16":null,"17":null,"18":2.0,"19":2.0,"20":2.0,"21":2.0,"22":2.0,"23":null,"24":2.0,"25":2.0,"26":2.0,"27":2.0,"28":2.0,"29":null,"30":2.0,"31":2.0,"32":2.0,"33":2.0,"34":2.0,"35":2.0,"36":null,"37":2.0,"38":2.0,"39":null,"40":2.0,"41":2.0,"42":2.0,"43":2.0,"44":2.0,"45":null,"46":null,"47":2.0,"48":2.0,"49":2.0},"z3_stats.arith-max-columns":{"0":4.0,"1":4.0,"2":4.0,"3":null,"4":4.0,"5":4.0,"6":4.0,"7":4.0,"8":null,"9":null,"10":4.0,"11":4.0,"12":4.0,"13":4.0,"14":4.0,"15":null,